OBJECTID,STATUT,IMPLANT,NATURE_CHA,REF_CHAMBR,REF_NOTE,CODE_COM,CODE_VOIE,NUM_VOIE,ID_PROPRIE,ACC_DEPORT,VENTIL,PLAFON,ID_GESTION,TYPE_TRAPP,QUANTIFICA,INDEX_DOC_,ID_NOEUD,ROTATION,CODE_CH1,CODE_CH2,NOTE,SECURISEE,ATTENTE,CLE_MKT1,CLE_MKT2,CODE_CH1_C,CODE_CH2_P,ORANGE,CLASSE,EXPLOITATI,MAINTENANC,GESTION,CONVENTION,REF_CONVEN,MODIF_DATE,MODIF_AUTE,MODIF_ETUD,COMPOSITE,DATE_SECU,FABRICANT,METRIC,FAR_NETWRK,RECALAGE_D,geometry,latitude,longitude
1064426,E,T,R,L1T,,62289,,,1,0,0,0,0,,,0,4697399,323.1,86,62289,02A9025A1D8129EA1C259BC1E21B580C,0,,||,538|,538,62289,1,B,0,0,0,0,,,,,0,,,0,0,,POINT (1.758488221098668 50.45712273511192),50.45712273511192,1.758488221098668
1064444,E,T,R,A3,,62588,,,1,0,0,0,0,,,0,4560578,59.3,17,62588,02A9025A6232840A1C259BC29C1B6A38,0,,||,163|,163,62588,1,B,0,0,0,0,,,,,0,,,0,0,,POINT (1.7589753854803074 50.45827671675863),50.45827671675863,1.7589753854803074
1064445,E,T,R,A3,,62588,,,1,0,0,0,0,,,0,4626723,69.2,18,62588,02A9025A6981B9431C259BC2A51B6B4B,0,,||,162|,162,62588,1,B,0,0,0,0,,,,,0,,,0,0,,POINT (1.7593138749902846 50.45877254103431),50.45877254103431,1.7593138749902846
1064463,E,T,R,A3,,62588,0180,,1,0,0,0,0,,,0,4643624,326.8,32,62588,02A9027103834D931C259BCB3F1C2C9C,0,,62588|0180|,129|,129,,1,B,0,0,0,0,,,,,0,,,0,0,,POINT (1.7625999978178286 50.46328537610999),50.46328537610999,1.7625999978178286
1064465,E,C,R,D2,,62588,0700,,1,0,0,1,0,,,0,4642414,325.4,34,62588,02A90271261B8BF11C259BCBD31C390C,0,,62588|0700|,34|62588,4,62588,1,B,0,0,0,0,,,,,0,,,0,0,,POINT (1.7630960496328834 50.4647848364512),50.4647848364512,1.7630960496328834
1064478,E,C,R,D2,,62588,,,1,0,0,1,0,,,0,4608492,31.0,47,62588,02A90270716500B31C259BCD631C5853,0,,62588||,47|62588,23,62588,1,B,0,0,0,0,,,,,0,,,0,0,,POINT (1.7612066228657748 50.46437092705982),50.46437092705982,1.7612066228657748
1064483,E,C,R,D2,,62588,,,1,0,0,1,0,,,0,4645590,64.9,52,62588,02A902705C5BAFF01C259BCD941C5D15,0,,62588||,52|62588,13,62588,1,B,0,0,0,0,,,,,0,,,0,0,,POINT (1.7616826145884323 50.463558803608485),50.463558803608485,1.7616826145884323
1064484,E,C,R,D2,,62588,,,1,0,0,1,0,,,0,4585610,32.5,53,62588,02A902710B9B970B1C259BCD9F1C5E36,0,,||,9|,9,62588,1,B,0,0,0,0,,,,,0,,,0,0,,POINT (1.7626955397365607 50.46416637536719),50.46416637536719,1.7626955397365607
1064487,E,C,R,D2,,62588,,,1,0,0,1,0,,,0,4656048,280.9,56,62588,02A9027050536AE21C259BCDBB1C61D7,0,,62588||,56|62588,15,62588,1,B,0,0,0,0,,,,,0,,,0,0,,POINT (1.7608670844507934 50.46267948568058),50.46267948568058,1.7608670844507934
1064512,E,T,R,L3T,,62588,0140,,1,0,0,0,0,,,0,4711694,30.5,80,62588,02A90270C8761D131C259BD2C61CCD28,0,,62588|0140|,0621|,0621,62588,1,B,0,0,0,0,,,,,0,,,0,0,,POINT (1.7592397479199497 50.4668685288473),50.4668685288473,1.7592397479199497
1064513,E,T,R,L0T,,62588,0140,,1,0,0,0,0,,,0,4686244,94.5,81,62588,02A90270C294EE931C259BD2DB1CCF10,0,,62588|0140|,|,,62588,1,B,0,0,0,0,,,,,0,,,0,0,,POINT (1.759039702695595 50.46655728169282),50.46655728169282,1.759039702695595
1064514,E,T,R,L0T,,62588,0140,,1,0,0,0,0,,,0,4554641,96.1,82,62588,02A90270C2F31A191C259BD2E51CD05D,0,,62588|0140|,|,,62588,1,B,0,0,0,0,,,,,0,,,0,0,,POINT (1.7592093725000937 50.466665449361805),50.466665449361805,1.7592093725000937
1064982,E,T,R,A4,,62588,,,1,0,0,0,0,,,0,4630692,333.3,89,62588,02A902711EB06E4A1C259C39A222D1C1,0,,62588||,89|62588,115,62588,1,B,0,0,0,0,,,,,0,,,0,0,,POINT (1.764721156757639 50.46418485406962),50.46418485406962,1.764721156757639
1064984,E,T,R,L2T,,62588,,,1,0,0,0,0,,,0,4689160,58.8,91,62588,02A902711EF6C4141C259C39B722D3E9,0,,62588||,91|62588,360,62588,1,B,0,0,0,0,,,,,0,,,0,0,,POINT (1.7649571893524683 50.46422707818327),50.46422707818327,1.7649571893524683
1064986,E,T,R,A4,,62588,,,1,0,0,0,0,,,0,4603932,71.8,93,62588,ENV-62588-D,0,,62588||,93|62588,121,62588,1,B,0,0,0,0,,2015-05-12,pwnext475,,0,,,0,0,,POINT (1.7664905860134246 50.46431038783744),50.46431038783744,1.7664905860134246
1064991,E,T,R,L6T,,62588,,,1,0,0,0,0,,,0,4581029,332.9,98,62588,02A902741F51B4AD1C259C39FD22DA97,0,,62588||,98|62588,330,62588,1,B,0,0,0,0,,,,,0,,,0,0,,POINT (1.7719232647084577 50.46389930110607),50.46389930110607,1.7719232647084577
1064995,E,T,R,A4,,62588,,,1,0,0,0,0,,,0,4671951,49.9,102,62588,02A90271483566E21C259C3A2722DEA4,0,,62588||,102|62588,116,62588,1,B,0,0,0,0,,,,,0,,,0,0,,POINT (1.76561952794388 50.46357214153006),50.46357214153006,1.76561952794388
1064999,E,T,R,L3T,,62588,,,1,0,0,0,0,,,0,4647798,328.1,106,62588,Livraison plaque et tampon L3T le 16/08/22,0,,,,126,62588,1,B,0,0,0,0,,2022-08-16,FIAH7505,,0,,,0,0,,POINT (1.7639019685942083 50.462878522758224),50.462878522758224,1.7639019685942083
1065005,E,T,R,L5T,,62588,1460,,1,0,0,0,0,,,0,4640714,6.8,112,62588,02A90271C2CC1F6B1C259C492E23EEFE,0,,62588|1460|,593|,593,62588,1,B,0,0,0,0,,,,,0,,,0,0,,POINT (1.765691603677182 50.46658917647235),50.46658917647235,1.765691603677182
1065008,E,T,R,L2T,,62588,,,1,0,0,0,0,,,0,4637341,349.6,115,62588,02A90274A6841DF21C259C49A923F772,0,,||,598|,598,62588,1,B,0,0,0,0,,,,,0,,,0,0,,POINT (1.769583295339896 50.46817533599007),50.46817533599007,1.769583295339896
1065085,E,T,R,A3,,62588,,,1,0,0,0,0,,,0,4544248,56.5,192,62588,ENV-62588-D,0,,62588||,192|62588,30,62588,1,B,0,0,0,0,,2015-05-05,pwnext475,,0,,,0,0,,POINT (1.769556772587318 50.469411300142006),50.469411300142006,1.769556772587318
1065106,E,T,R,B2,,62588,,,1,0,0,0,0,,,0,4679631,321.9,213,62588,02A90271C482DAB31C259C4E53246706,0,,62588||,213|62588,271,62588,1,B,0,0,0,0,,,,,0,,,0,0,,POINT (1.7662442758898527 50.46613198168404),50.46613198168404,1.7662442758898527
1499389,E,T,R,REG,,62588,,,1,0,0,0,0,T,,0,7114861,341.5,239,62588,,0,,62588||,|,,62588,1,B,0,0,0,0,,,,,0,,,0,0,,POINT (1.7587362910686677 50.45816972845724),50.45816972845724,1.7587362910686677
1499640,E,T,R,REG,,62588,,,1,0,0,0,0,T,,0,7114800,337.2,243,62588,,0,,62588||,|,,62588,1,B,0,0,0,0,,,,,0,,,0,0,,POINT (1.7593263655368265 50.458717483736415),50.458717483736415,1.7593263655368265
1499642,E,T,R,L1T,,62588,,,1,0,0,0,0,T,,0,7114850,72.8,245,62588,,0,,62588||,AAAA4|62588,AAAA4,62588,1,B,0,0,0,0,,,,,0,,,0,0,,POINT (1.7591760553662408 50.45879891017242),50.45879891017242,1.7591760553662408
1499674,E,T,R,REG,,62588,,,1,0,0,0,0,T,,0,7114789,63.5,255,62588,,0,,62588||,|,,62588,1,B,0,0,0,0,,,,,0,,,0,0,,POINT (1.759813551147724 50.45901767266473),50.45901767266473,1.759813551147724
1499678,E,T,R,REG,,62588,,,1,0,0,0,0,T,,0,7114795,77.2,259,62588,,0,,62588||,|,,62588,1,B,0,0,0,0,,,,,0,,,0,0,,POINT (1.7589172679327765 50.45930509521372),50.45930509521372,1.7589172679327765
1772451,E,T,R,REG,,62588,1320,36,1,0,0,0,0,T,,0,7885578,41.0,265,62588,ENV-62588-D,0,,62588|1320|36,265|62588,,,1,B,0,0,0,0,,2015-05-05,pwnext475,,0,,,0,0,,POINT (1.7711127134067384 50.47055312440103),50.47055312440103,1.7711127134067384
2417092,E,T,R,L3T,,62588,1320,,1,0,0,0,0,T,,0,9553853,38.9,302,62588,ENV-62588-D,0,,62588|1320|,302|62588,510,62588,1,B,0,0,0,0,,2015-05-05,pwnext475,,0,,,0,0,,POINT (1.7699901278691519 50.469943827622465),50.469943827622465,1.7699901278691519
2417095,E,T,R,L2T,,62588,1320,,1,0,0,0,0,T,,0,9553959,49.7,305,62588,ENV-62588-D,0,,62588|1320|,305|62588,513,62588,1,B,0,0,0,0,,2015-05-05,pwnext475,,0,,,0,0,,POINT (1.7710937969754335 50.47075991624836),50.47075991624836,1.7710937969754335
2417331,E,T,R,L5T,,62588,1280,,1,0,0,0,0,T,,0,9554012,24.1,312,62588,"ENV-62588-D
noté L2T 480 sur folio",0,,62588|1280|,312|62588,,,1,B,0,0,0,0,,2015-05-06,pwnext475,,0,,,0,0,,POINT (1.7666532369723367 50.4672897184285),50.4672897184285,1.7666532369723367
2417335,E,T,R,L2T,,62588,0880,,1,0,0,0,0,T,,0,9554661,273.8,316,62588,ENV-62588-D,0,,62588|0880|,316|62588,584,62588,1,B,0,0,0,0,,2015-05-06,pwnext475,,0,,,0,0,,POINT (1.7647023011773555 50.467136499404916),50.467136499404916,1.7647023011773555
2417338,E,T,R,L2T,,62588,1460,,1,0,0,0,0,T,,0,9554778,29.9,319,62588,ENV-62588,0,,62588|1460|,319|62588,570,62588,1,B,0,0,0,0,,2015-05-06,pwnext475,,0,,,0,0,,POINT (1.7690210813710372 50.4652960503417),50.4652960503417,1.7690210813710372
2417342,E,T,R,L2T,,62588,1460,,1,0,0,0,0,T,,0,9554875,330.5,323,62588,ENV-62588,0,,62588|1460|,323|62588,572,62588,1,B,0,0,0,0,,2015-05-06,pwnext475,,0,,,0,0,,POINT (1.7675085430289093 50.46619747489392),50.46619747489392,1.7675085430289093
2417403,E,T,R,L3T,,62588,1242,,1,0,0,0,0,T,,0,9555317,0.0,332,62588,MaN EUROVIA 12/2020,0,,,,472,62588,1,B,0,0,0,0,,2020-12-04,nnjc0380,,0,,,0,0,,POINT (1.7709213112351974 50.466756159076624),50.466756159076624,1.7709213112351974
2417406,E,T,R,L3T,,62588,0942,,1,0,0,0,0,T,,0,9555323,60.3,335,62588,MaN EUROVIA 12/2020,0,,,,465,62588,1,B,0,0,0,0,,2020-12-04,nnjc0380,,0,,,0,0,,POINT (1.7700177586615933 50.467362724579445),50.467362724579445,1.7700177586615933
2417603,E,T,R,L2T,,62588,0372,,1,0,0,0,0,T,,0,9555532,84.5,340,62588,MaN EUROVIA 12/2020,0,,,,473,62588,1,B,0,0,0,0,,2020-12-04,nnjc0380,,0,,,0,0,,POINT (1.770767082708544 50.46652060880017),50.46652060880017,1.770767082708544
2417606,E,T,R,L2T,,62588,0372,,1,0,0,0,0,T,,0,9555592,295.8,343,62588,MaN EUROVIA 12/2020,0,,,,476,62588,1,B,0,0,0,0,,2020-12-04,nnjc0380,,0,,,0,0,,POINT (1.7709131301386198 50.46603699901945),50.46603699901945,1.7709131301386198
2417613,E,T,R,A3,,62588,0380,,1,0,0,0,0,T,,0,9555764,99.5,350,62588,ENV-62588-D,0,,62588|0380|,350|62588,134,62588,1,B,0,0,0,0,,2015-05-06,pwnext475,,0,,,0,0,,POINT (1.7612008101208478 50.46544625850107),50.46544625850107,1.7612008101208478
2418595,E,T,R,A3,,62588,1053,,1,0,0,0,0,T,,0,9558344,44.0,356,62588,ENV-62588-D,0,,62588|1053|,356|62588,129,62588,1,B,0,0,0,0,,2015-05-11,pwnext475,,0,,,0,0,,POINT (1.7597886355935417 50.46386915776388),50.46386915776388,1.7597886355935417
2418835,E,T,R,L6T,,62588,0545,,1,0,0,0,0,T,,0,4556906,357.0,368,62588,ENV-62588-D,0,,62588|0545|,368|62588,190,62588,1,B,0,0,0,0,,2015-05-11,pwnext475,,0,,,0,0,,POINT (1.7582420854238556 50.459464466779366),50.459464466779366,1.7582420854238556
2418837,E,T,R,L2T,,62588,0600,,1,0,0,0,0,T,,0,9558794,336.1,370,62588,ENV-62588-D,0,,62588|0600|,370|62588,546,62588,1,B,0,0,0,0,,2015-05-11,pwnext475,,0,,,0,0,,POINT (1.7597064878120254 50.45742987135645),50.45742987135645,1.7597064878120254
2420811,E,T,R,40X,,62289,0400,,321,0,0,0,0,T,,0,9564089,328.4,249,62289,ENV-62289,0,,,,,,0,B,0,0,0,0,,2020-05-06,sxpl0196,,0,,,0,0,,POINT (1.7620970691290276 50.458923751334765),50.458923751334765,1.7620970691290276
2733438,E,T,R,30X,,62588,,,321,0,0,0,0,T,,0,10326900,54.0,400,62588,,0,,,,,,0,C,0,0,0,0,,2018-10-24,chxx9252,MON800222,0,,,0,0,,POINT (1.7682420183581498 50.468337000393326),50.468337000393326,1.7682420183581498
2957688,E,T,R,L2T,,62588,,,321,0,0,0,0,T,,0,10784341,17.4,418,62588,,0,,,,,,0,C,0,0,0,0,,2021-06-18,LDVX8772,,0,,,0,0,,POINT (1.7601288850771426 50.465666083973424),50.465666083973424,1.7601288850771426
3024110,E,T,R,L3T,,62588,0140,,1,0,0,0,0,T,,0,10920654,286.3,360,62588,MON900321,0,,,,617,62588,1,A,0,0,0,0,,2022-04-19,XZBS7449NP,,0,,,0,0,,POINT (1.7602280671042372 50.4661750932647),50.4661750932647,1.7602280671042372
1064396,E,T,R,B1,,62588,0560,,1,0,0,0,0,,,0,4635279,261.1,1,62588,02A9025A91766F571C259BBDBF1B07D3,0,,62588|0560|,236|,236,62588,1,B,0,0,0,0,,,,,0,,,0,0,,POINT (1.758018388098461 50.459503686218945),50.459503686218945,1.758018388098461
1064446,E,T,R,A3,,62588,,,1,0,0,0,0,,,0,4608191,336.0,19,62588,02A9025A6BD816A01C259BC2B21B6C39,0,,||,161|,161,62588,1,B,0,0,0,0,,,,,0,,,0,0,,POINT (1.759596144143588 50.45921361169635),50.45921361169635,1.759596144143588
1064447,E,T,R,L5T,,62588,,,1,0,0,0,0,,,0,4648448,77.6,20,62588,02A9025A307DAA1D1C259BC2BB1B6DF2,0,,||,325|,325,62588,1,B,0,0,0,0,,,,,0,,,0,0,,POINT (1.7576160096889368 50.45790380492246),50.45790380492246,1.7576160096889368
1064467,E,T,R,L0T,,62588,0700,,1,0,0,0,0,,,0,4684720,313.5,36,62588,02A9027123B6DB0C1C259BCC5E1C4383,0,,62588|0700|,|,,62588,1,B,0,0,0,0,,,,,0,,,0,0,,POINT (1.762730822423906 50.465039865836914),50.465039865836914,1.762730822423906
1064469,E,T,R,L0T,,62588,0700,,1,0,0,0,0,,,0,4683915,42.9,38,62588,02A9027123F8DCC81C259BCC731C4511,0,,62588|0700|,|,,62588,1,B,0,0,0,0,,,,,0,,,0,0,,POINT (1.7628865793116806 50.46506466730005),50.46506466730005,1.7628865793116806
1064495,E,C,R,D2,,62588,,,1,0,0,1,0,,,0,4703123,42.3,64,62588,02A9025A9FDCC4F31C259BCE0E1C6941,0,,||,20|,20,62588,1,B,0,0,0,0,,,,,0,,,0,0,,POINT (1.758835848139877 50.46086328915887),50.46086328915887,1.758835848139877
1064516,E,T,R,L1T,,62588,0140,,1,0,0,0,0,,,0,4534697,80.9,84,62588,02A90270CF0CB20A1C259BD33C1CD87E,0,,62588|0140|,0623|,0623,62588,1,B,0,0,0,0,,,,,0,,,0,0,,POINT (1.760156063960376 50.46721912032724),50.46721912032724,1.760156063960376
1064979,E,C,R,D2,,62588,0700,,1,0,0,1,0,,,0,4682804,326.4,86,62588,02A9027125B4BB821C259C394022C86E,0,,62588|0700|,86|62588,,3,1,B,0,0,0,0,,,,,0,,,0,0,,POINT (1.763537098148469 50.464611769237564),50.464611769237564,1.763537098148469
1064994,E,T,R,A3,,62588,,,1,0,0,0,0,,,0,4537043,46.2,101,62588,ENV-62588-D,0,,62588||,101|62588,120,62588,1,B,0,0,0,0,,2015-05-12,pwnext475,,0,,,0,0,,POINT (1.765936026279138 50.46383019712788),50.46383019712788,1.765936026279138
1065064,E,T,R,L5T,,62588,,,1,0,0,0,0,,,0,4585564,256.9,171,62588,02A90271C612AFF41C259C4C9B243DCB,0,,||,341|,341,62588,1,B,0,0,0,0,,,,,0,,,0,0,,POINT (1.7663513851526385 50.46637841578999),50.46637841578999,1.7663513851526385
1065115,E,T,R,A3,,62588,,,1,0,0,0,0,,,0,4663419,255.4,222,62588,02A902719110E16D1C259C4EAF2470FE,0,,62588||,222|62588,140,62588,1,B,0,0,0,0,,,,,0,,,0,0,,POINT (1.7643436849593943 50.46594794939049),50.46594794939049,1.7643436849593943
1065117,E,T,H,OHN,D,62588,,,1,0,0,0,0,,,0,4687725,1.4,224,62588,02A9027196045EEF1C259C4EC424720E,0,,||,361|,361,62588,1,B,0,0,0,0,,,,,0,,,0,0,,POINT (1.7646789506474987 50.46633390690057),50.46633390690057,1.7646789506474987
1065128,E,T,H,OHN,L3T,62588,,,1,0,0,0,0,,,0,4603985,45.2,234,62588,ENV-62588-D,0,,62588||,234|62588,509,62588,1,B,0,0,0,0,,2015-05-05,pwnext475,,0,,,0,0,,POINT (1.7700344952398193 50.46974332028074),50.46974332028074,1.7700344952398193
1065134,E,T,H,OHN,512,62610,,,1,0,0,0,0,,,0,4579821,46.5,4,62610,ENV-62588-D,0,,62610||,4|62610,L5T,62610,1,B,0,0,0,0,,2015-05-05,pwnext475,,0,,,0,0,,POINT (1.7714259873356781 50.47080805244773),50.47080805244773,1.7714259873356781
1499391,E,T,R,REG,,62588,,,1,0,0,0,0,T,,0,7114863,339.2,241,62588,,0,,62588||,|,,62588,1,B,0,0,0,0,,,,,0,,,0,0,,POINT (1.758909963144246 50.458425291798235),50.458425291798235,1.758909963144246
1499671,E,T,R,L2T,,62588,,,1,0,0,0,0,T,,0,7114785,326.8,252,62588,,0,,62588||,AAAA1|62588,AAAA1,62588,1,B,0,0,0,0,,,,,0,,,0,0,,POINT (1.759544639210879 50.45915776529871),50.45915776529871,1.759544639210879
2416809,E,T,R,L3T,,62588,,,1,0,0,0,0,T,,0,9553263,60.8,291,62588,ENV-62588-D,0,,62588||,291|62588,507,62588,1,B,0,0,0,0,,2015-05-05,pwnext475,,0,,,0,0,,POINT (1.7687174129578587 50.46877815403884),50.46877815403884,1.7687174129578587
2416810,E,T,R,L3T,,62588,,,1,0,0,0,0,T,,0,9553412,63.1,292,62588,ENV-62588-D,0,,62588||,292|62588,508,62588,1,B,0,0,0,0,,2015-05-05,pwnext475,,0,,,0,0,,POINT (1.769053359023322 50.46911656276658),50.46911656276658,1.769053359023322
2417094,E,T,R,L3T,,62588,1320,,1,0,0,0,0,T,,0,9553956,53.1,304,62588,ENV-62588-D,0,,62588|1320|,304|62588,511,62588,1,B,0,0,0,0,,2015-05-05,pwnext475,,0,,,0,0,,POINT (1.7703638944707094 50.47024331667099),50.47024331667099,1.7703638944707094
2417333,E,T,R,L3T,,62588,1460,,1,0,0,0,0,T,,0,9554659,0.0,314,62588,"ENV-62588-D
à vérifier
",0,,62588|1460|,314|62588,594,62588,1,B,0,0,0,0,,2015-05-06,pwnext475,,0,,,0,0,,POINT (1.7657815141592597 50.46668463002171),50.46668463002171,1.7657815141592597
2417334,E,T,R,L1T,,62588,0880,,1,0,0,0,0,T,,0,9554660,90.7,315,62588,ENV-62588,0,,62588|0880|,315|62588,585,62588,1,B,0,0,0,0,,2015-05-06,pwnext475,,0,,,0,0,,POINT (1.764695089596063 50.46678418417802),50.46678418417802,1.764695089596063
2417336,E,T,R,L2T,,62588,0880,,1,0,0,0,0,T,,0,9554662,303.8,317,62588,ENV-62588-D,0,,62588|0880|,317|62588,583,62588,1,B,0,0,0,0,,2015-05-06,pwnext475,,0,,,0,0,,POINT (1.764319809376168 50.46767186002627),50.46767186002627,1.764319809376168
2417398,E,T,R,A2,,62588,1242,,1,0,0,0,0,T,,0,9553256,342.0,327,62588,ENV-62588-D,0,,62588|1242|,327|62588,461,62588,1,B,0,0,0,0,,2015-05-06,pwnext475,,0,,,0,0,,POINT (1.769460521192025 50.46702407146516),50.46702407146516,1.769460521192025
2417608,E,T,R,L2T,,62588,0372,,1,0,0,0,0,T,,0,9555598,279.4,345,62588,MaN EUROVIA 12/2020,0,,,,478,62588,1,B,0,0,0,0,,2020-12-04,nnjc0380,,0,,,0,0,,POINT (1.7710231344177132 50.4657801777551),50.4657801777551,1.7710231344177132
2417612,E,T,R,A3,,62588,0380,,1,0,0,0,0,T,,0,9555763,276.6,349,62588,ENV-62588-D,0,,62588|0380|,349|62588,133,62588,1,B,0,0,0,0,,2015-05-06,pwnext475,,0,,,0,0,,POINT (1.7612309354851938 50.46496809673492),50.46496809673492,1.7612309354851938
2418594,E,T,R,A3,,62588,1053,,1,0,0,0,0,T,,0,9558337,21.8,355,62588,ENV-62588-D,0,,62588|1053|,355|62588,130,62588,1,B,0,0,0,0,,2015-05-11,pwnext475,,0,,,0,0,,POINT (1.7601371829491417 50.46398507215093),50.46398507215093,1.7601371829491417
2418596,E,T,R,L1T,,62588,1053,,1,0,0,0,0,T,,0,4593877,36.0,357,62588,ENV-62588-D,0,,62588|1053|,357|62588,560,62588,1,B,0,0,0,0,,2015-05-11,pwnext475,,0,,,0,0,,POINT (1.7597252741832512 50.463911462101414),50.463911462101414,1.7597252741832512
2418833,E,T,R,L0T,,62588,0560,,1,0,0,0,0,T,,0,9558983,75.4,366,62588,ENV-62588-D,0,,62588|0560|,366|62588,,,1,B,0,0,0,0,,2015-05-11,pwnext475,,0,,,0,0,,POINT (1.7579057247763261 50.459096471676325),50.459096471676325,1.7579057247763261
2569076,E,T,R,L0T,,62289,0400,,1,0,0,0,0,,,0,9911999,239.1,78,62289,ENV-62289-C2,0,,62289|0400|,78|62289,,62289,1,B,0,0,0,0,,2016-11-10,pwnext974,,0,,,0,0,,POINT (1.7614124395926247 50.459046898094044),50.459046898094044,1.7614124395926247
2794961,E,T,R,REG,,62588,,,321,0,0,0,0,T,,0,10448098,333.2,402,62588,,0,,,,,,0,C,0,0,0,0,,2019-07-25,rxmw3452,,0,,,0,0,,POINT (1.7703104711173931 50.46443473037129),50.46443473037129,1.7703104711173931
2856790,E,T,R,L2T,,62588,,,1,0,0,0,0,T,,0,10572614,80.0,409,62588,$CHGEO + ROST,0,,,,,,1,C,0,0,0,0,,2020-04-15,GMHM2031NP,,0,,,0,0,,POINT (1.7576755176247827 50.45812388097781),50.45812388097781,1.7576755176247827
2982890,E,T,R,REG,,62588,,,321,0,0,0,0,T,,0,10831164,331.0,422,62588,,0,,,,,,0,C,0,0,0,0,,2021-10-04,LDVX8772,,0,,,0,0,,POINT (1.767631229299757 50.468469719977314),50.468469719977314,1.767631229299757
3024118,E,C,R,L3C,,62588,1460,,1,0,0,0,0,C,,0,10920685,325.9,395,62588,,0,,,,,,1,A,0,0,0,0,,2022-04-19,XZBS7449NP,MON800165,0,,,0,0,,POINT (1.77012579991656 50.464358209218524),50.464358209218524,1.77012579991656
1064407,E,T,R,L2T,,62289,0400,,1,0,0,0,0,,,0,4626068,330.7,69,62289,ENV-62289-C2,0,,62289|0400|,69|62289,0550,62289,1,B,0,0,0,0,,2016-11-10,pwnext974,,0,,,0,0,,POINT (1.7616145214272927 50.45914927589696),50.45914927589696,1.7616145214272927
1064419,E,T,R,L0T,,62289,0400,,1,0,0,0,0,,,0,4708778,54.6,81,62289,02A9025A671FA1C81C259BC0411B40D3,0,,62289|0400|,|,,62289,1,B,0,0,0,0,,,,,0,,,0,0,,POINT (1.7602802569283131 50.45823261940135),50.45823261940135,1.7602802569283131
1064448,E,T,R,B2,,62588,,,1,0,0,0,0,,,0,4600956,76.2,21,62588,02A9025A94AB934C1C259BC2C61B6E86,0,,||,21|,21,62588,1,B,0,0,0,0,,,,,0,,,0,0,,POINT (1.758085091238173 50.459763032398286),50.459763032398286,1.758085091238173
1064460,E,T,H,OHN,D2,62588,0200,,1,0,0,0,0,,,0,4709664,332.9,29,62588,02A902710A4BF0671C259BCABC1C2300,0,,62588|0200|,29|62588,10,62588,1,B,0,0,0,0,,,,,0,,,0,0,,POINT (1.762397304805577 50.46396652673989),50.46396652673989,1.762397304805577
1064464,E,T,R,L1T,,62588,1100,16,1,0,0,0,0,,,0,4689522,349.4,33,62588,02A9025ADBA6DC761C259BCB961C3431,0,,62588|1100|16,537|,537,62588,1,B,0,0,0,0,,,,,0,,,0,0,,POINT (1.7609928456805466 50.460942500012735),50.460942500012735,1.7609928456805466
1064470,E,T,H,OHN,D2,62588,1100,,1,0,0,0,0,,,0,4597908,12.9,39,62588,02A9025AEDD0019B1C259BCCA81C4866,0,,62588|1100|,39|62588,17,62588,1,B,0,0,0,0,,,,,0,,,0,0,,POINT (1.7604079040230363 50.46202802146979),50.46202802146979,1.7604079040230363
1064471,E,T,H,OHN,D2,62588,1100,,1,0,0,0,0,,,0,4599561,70.1,40,62588,02A9025AEC4FC5BD1C259BCCB11C4980,0,,62588|1100|,40|62588,,18,1,B,0,0,0,0,,,,,0,,,0,0,,POINT (1.7599888931861851 50.46191300736745),50.46191300736745,1.7599888931861851
1064511,E,T,R,L3T,,62588,0140,,1,0,0,0,0,,,0,4636498,1.9,79,62588,02A90270C9F680991C259BD2BB1CCC32,0,,62588|0140|,0622|,0622,62588,1,B,0,0,0,0,,,,,0,,,0,0,,POINT (1.7596381656105815 50.46708377169705),50.46708377169705,1.7596381656105815
1064981,E,T,H,OHN,D2,62588,,,1,0,0,0,0,,,0,4646988,1.0,88,62588,02A90271306493651C259C399722D020,0,,||,2|,2,62588,1,B,0,0,0,0,,,,,0,,,0,0,,POINT (1.7640502014235926 50.46439689064632),50.46439689064632,1.7640502014235926
1064998,E,T,R,A3,,62588,,,1,0,0,0,0,,,0,4686740,49.9,105,62588,ENV-62588-D,0,,62588||,105|62588,119,62588,1,B,0,0,0,0,,2015-05-12,pwnext475,,0,,,0,0,,POINT (1.7647200646830117 50.4628266273655),50.4628266273655,1.7647200646830117
1065072,E,T,H,OHN,sp,62588,,,1,0,0,0,0,,,0,4673358,52.2,179,62588,02A90271F13722ED1C259C4CED244569,0,,62588||,179|62588,26,62588,1,B,0,0,0,0,,,,,0,,,0,0,,POINT (1.7676398998481149 50.467699418165594),50.467699418165594,1.7676398998481149
1499390,E,T,R,REG,,62588,,,1,0,0,0,0,T,,0,7114862,344.9,240,62588,,0,,62588||,|,,62588,1,B,0,0,0,0,,,,,0,,,0,0,,POINT (1.758789560245277 50.45827717178648),50.45827717178648,1.758789560245277
1772452,E,T,R,REG,,62588,1320,36,1,0,0,0,0,T,,0,7885579,43.5,266,62588,ENV-62588-D,0,,62588|1320|36,266|62588,,,1,B,0,0,0,0,,2015-05-05,pwnext475,,0,,,0,0,,POINT (1.771171222188189 50.47059230382727),50.47059230382727,1.771171222188189
2218498,E,T,R,L3T,,62588,,,1,0,0,0,0,T,,0,9086955,263.9,273,62588,,0,,62588||,273|62588,526,62588,1,B,0,0,0,0,,,,,0,,,0,0,,POINT (1.757979740624158 50.45846148352764),50.45846148352764,1.757979740624158
2416808,E,T,R,L2T,,62588,1320,,1,0,0,0,0,T,,0,9553261,55.4,290,62588,ENV-62588-D,0,,62588|1320|,290|62588,506,62588,1,B,0,0,0,0,,2015-05-05,pwnext475,,0,,,0,0,,POINT (1.7680396137142298 50.46810451597075),50.46810451597075,1.7680396137142298
2417602,E,T,R,L3T,,62588,1242,,1,0,0,0,0,T,,0,9555526,0.0,339,62588,MaN EUROVIA 12/2020,0,,,,471,62588,1,B,0,0,0,0,,2020-12-04,nnjc0380,,0,,,0,0,,POINT (1.7707541920405967 50.46676010753521),50.46676010753521,1.7707541920405967
2417605,E,T,R,L2T,,62588,0372,,1,0,0,0,0,T,,0,9555586,289.3,342,62588,MaN EUROVIA 12/2020,0,,,,475,62588,1,B,0,0,0,0,,2020-12-04,nnjc0380,,0,,,0,0,,POINT (1.7707923794356069 50.46619075022789),50.46619075022789,1.7707923794356069
2417610,E,T,R,A3,,62588,1053,,1,0,0,0,0,T,,0,9555565,81.2,347,62588,ENV-62588-D,0,,62588|1053|,347|62588,358,62588,1,B,0,0,0,0,,2015-05-06,pwnext475,,0,,,0,0,,POINT (1.760238355729376 50.46277378551864),50.46277378551864,1.760238355729376
2418601,E,T,R,L3T,,62588,0140,,1,0,0,0,0,T,,0,9558491,328.8,362,62588,ENV-62588-D,0,,62588|0140|,362|62588,619,62588,1,B,0,0,0,0,,2015-05-11,pwnext475,,0,,,0,0,,POINT (1.7602367756552744 50.466893898607935),50.466893898607935,1.7602367756552744
2418602,E,T,R,A3,,62588,0140,,1,0,0,0,0,T,,0,9558485,273.8,363,62588,ENV-62588-D,0,,62588|0140|,363|62588,135,62588,1,B,0,0,0,0,,2015-05-11,pwnext475,,0,,,0,0,,POINT (1.760710579308578 50.465176102229734),50.465176102229734,1.760710579308578
2420815,E,T,R,L2T,,62289,0400,,1,0,0,0,0,T,,0,9564091,60.0,253,62289,ENV-62289-D,0,,62289|0400|,253|62289,552,62289,1,B,0,0,0,0,,2015-05-18,pwnext475,,0,,,0,0,,POINT (1.7616943593684609 50.458662404983656),50.458662404983656,1.7616943593684609
2486899,E,T,R,L0T,,62588,0140,8,321,0,0,0,0,T,,0,9701121,5.3,380,62588,,0,,62588|0140|8,380|62588,,,0,B,0,0,0,0,,2015-10-28,itma6414,,0,,,0,0,,POINT (1.7607754078495907 50.46497398170256),50.46497398170256,1.7607754078495907
2957683,E,T,R,L2T,,62588,,,321,0,0,0,0,T,,0,10784339,288.6,413,62588,,0,,,,,,0,C,0,0,0,0,,2021-06-18,LDVX8772,,0,,,0,0,,POINT (1.7603895950322026 50.46571933327936),50.46571933327936,1.7603895950322026
2982892,E,T,R,REG,,62588,,,321,0,0,0,0,T,,0,10831127,326.1,424,62588,,0,,,,,,0,C,0,0,0,0,,2021-10-04,LDVX8772,,0,,,0,0,,POINT (1.7677315177396318 50.46843312265545),50.46843312265545,1.7677315177396318
1064420,E,T,R,L0T,,62289,0400,,1,0,0,0,0,,,0,4686027,67.1,82,62289,02A9025A67139BAE1C259BC04D1B41C6,0,,62289|0400|,|,,62289,1,B,0,0,0,0,,,,,0,,,0,0,,POINT (1.7602347992588683 50.45818030486481),50.45818030486481,1.7602347992588683
1064433,E,T,R,L3T,,62588,,,1,0,0,0,0,,,0,4630904,79.4,9,62588,02A9025A3E019E081C259BC22C1B5FC5,0,,62588||,9|62588,525,62588,1,B,0,0,0,0,,,,,0,,,0,0,,POINT (1.7581034136538518 50.45897072071106),50.45897072071106,1.7581034136538518
1064456,E,C,R,K3C,,62588,,,1,0,0,0,0,,,0,4641405,265.4,25,62588,ENV-62535-D,0,,62588||,25|62588,260,62588,1,B,0,0,0,0,,2015-05-28,pwnext918,,0,,,0,0,,POINT (1.756568912496125 50.45999929675175),50.45999929675175,1.756568912496125
1064510,E,T,R,L3T,,62588,0140,,1,0,0,0,0,,,0,4711280,2.2,78,62588,02A90270C9C0E6E71C259BD2B01CCB0A,0,,62588|0140|,0620|,0620,62588,1,B,0,0,0,0,,,,,0,,,0,0,,POINT (1.7595011499248134 50.466964115656936),50.466964115656936,1.7595011499248134
1064978,E,T,R,C2,,62588,1360,,1,0,0,1,0,,,0,4664872,34.7,85,62588,ENV-62588-D,0,,62588|1360|,85|62588,7,62588,1,B,0,0,0,0,,2015-05-12,pwnext475,,0,,,0,0,,POINT (1.7646707177191765 50.46500759582433),50.46500759582433,1.7646707177191765
1065000,E,T,R,A4,,62588,,,1,0,0,0,0,,,0,4626318,81.4,107,62588,02A902710707C97D1C259C3A5822E358,0,,62588||,107|62588,125,62588,1,B,0,0,0,0,,,,,0,,,0,0,,POINT (1.7634504412745975 50.463094315400554),50.463094315400554,1.7634504412745975
1065033,E,T,R,L2T,,62588,0940,,1,0,0,0,0,,,0,4684119,56.3,140,62588,ENV-62588-D,0,,62588|0940|,140|62588,559,62588,1,B,0,0,0,0,,2015-05-05,pwnext475,,0,,,0,0,,POINT (1.7685426749151627 50.46840864994786),50.46840864994786,1.7685426749151627
1065075,E,T,R,L5T,,62588,,,1,0,0,0,0,,,0,4608391,5.6,182,62588,02A90271C6B6B0DA1C259C4D0B24485A,0,,62588||,182|62588,342,,1,B,0,0,0,0,,,,,0,,,0,0,,POINT (1.7664039935611289 50.46668072262947),50.46668072262947,1.7664039935611289
1065083,E,T,R,B2,,62588,,,1,0,0,0,0,,,0,4558013,56.5,190,62588,02A90274AB8FF3681C259C4D5C2450AC,0,,62588||,190|62588,29,62588,1,B,0,0,0,0,,,,,0,,,0,0,,POINT (1.7692113324387346 50.46908454023752),50.46908454023752,1.7692113324387346
1065114,E,T,R,A3,,62588,,,1,0,0,0,0,,,0,4566946,45.2,221,62588,02A902712F1225AB1C259C4EA6246F8E,0,,62588||,221|62588,137,62588,1,B,0,0,0,0,,,,,0,,,0,0,,POINT (1.7634906430152077 50.46553531699186),50.46553531699186,1.7634906430152077
1499392,E,T,R,REG,,62588,,,1,0,0,0,0,T,,0,7114864,342.6,242,62588,,0,,62588||,|,,62588,1,B,0,0,0,0,,,,,0,,,0,0,,POINT (1.7590227960633003 50.45856920472988),50.45856920472988,1.7590227960633003
1499646,E,T,R,L2T,,62588,,,1,0,0,0,0,T,,0,7114858,323.9,249,62588,,0,,62588||,249|62588,AAAA6,62588,1,B,0,0,0,0,,,,,0,,,0,0,,POINT (1.7589935445981524 50.45807976142562),50.45807976142562,1.7589935445981524
1499676,E,T,R,REG,,62588,,,1,0,0,0,0,T,,0,7114793,69.9,257,62588,,0,,62588||,|,,62588,1,B,0,0,0,0,,,,,0,,,0,0,,POINT (1.7592444855305671 50.45920013963753),50.45920013963753,1.7592444855305671
1772453,E,T,R,REG,,62588,1320,36,1,0,0,0,0,T,,0,7885580,40.8,267,62588,ENV-62588-D,0,,62588|1320|36,267|62588,,,1,B,0,0,0,0,,2015-05-05,pwnext475,,0,,,0,0,,POINT (1.771036398479212 50.47050136545137),50.47050136545137,1.771036398479212
2417093,E,T,R,L1T,,62588,1320,,1,0,0,0,0,T,,0,9553953,41.7,303,62588,ENV-62588-D,0,,62588|1320|,303|62588,523,62588,1,B,0,0,0,0,,2015-05-05,pwnext475,,0,,,0,0,,POINT (1.770180326612785 50.47009553065356),50.47009553065356,1.770180326612785
2417337,E,T,R,L3T,,62588,1460,,1,0,0,0,0,T,,0,9554777,310.2,318,62588,ENV-62588,0,,62588|1460|,318|62588,569,62588,1,B,0,0,0,0,,2015-05-06,pwnext475,,0,,,0,0,,POINT (1.768977642703083 50.46514864733434),50.46514864733434,1.768977642703083
2417341,E,T,R,A3,,62588,1460,,1,0,0,0,0,T,,0,9554783,322.5,322,62588,ENV-62588,0,,62588|1460|,322|62588,110,62588,1,B,0,0,0,0,,2015-05-06,pwnext475,,0,,,0,0,,POINT (1.7679628883795058 50.46580625714443),50.46580625714443,1.7679628883795058
2417405,E,T,R,L2T,,62588,0942,,1,0,0,0,0,T,,0,9555321,75.2,334,62588,MaN EUROVIA 12/2020,0,,,,464,62588,1,B,0,0,0,0,,2020-12-04,nnjc0380,,0,,,0,0,,POINT (1.769902057527155 50.46718798987663),50.46718798987663,1.769902057527155
2418597,E,T,R,L3T,,62588,0140,,1,0,0,0,0,T,,0,9555772,91.5,358,62588,ENV-62588-D,0,,62588|0140|,358|62588,339,62588,1,B,0,0,0,0,,2015-05-11,pwnext475,,0,,,0,0,,POINT (1.7607963935489155 50.464633944521374),50.464633944521374,1.7607963935489155
2418834,E,T,R,L5T,,62588,0560,,1,0,0,0,0,T,,0,9558984,88.6,367,62588,ENV-62588-D,0,,62588|0560|,367|62588,418,62588,1,B,0,0,0,0,,2015-05-11,pwnext475,,0,,,0,0,,POINT (1.7578539358565428 50.45887972382899),50.45887972382899,1.7578539358565428
2587475,E,T,R,L2T,,62588,,,1,0,0,0,0,T,,0,9967281,30.6,384,62588,,0,,62588||,384|62588,,,1,C,0,0,0,0,,2017-02-16,itma6414,,0,,,0,0,,POINT (1.7611430369693837 50.46443949747469),50.46443949747469,1.7611430369693837
2957684,E,T,R,L1T,,62588,,,321,0,0,0,0,T,,0,10784342,292.5,414,62588,,0,,,,,,0,C,0,0,0,0,,2021-06-18,LDVX8772,,0,,,0,0,,POINT (1.759986321274581 50.465762586669165),50.465762586669165,1.759986321274581
2957685,E,T,R,L1T,,62588,,,321,0,0,0,0,T,,0,10784343,292.5,415,62588,,0,,,,,,0,C,0,0,0,0,,2021-06-18,LDVX8772,,0,,,0,0,,POINT (1.7601505726893483 50.465760293259386),50.465760293259386,1.7601505726893483
2957687,E,T,R,L1T,,62588,,,321,0,0,0,0,T,,0,10784345,291.5,417,62588,,0,,,,,,0,C,0,0,0,0,,2021-06-18,LDVX8772,,0,,,0,0,,POINT (1.759951534890219 50.46555661045833),50.46555661045833,1.759951534890219
3024087,E,T,R,L1T,,62588,0960,,1,0,0,0,0,T,,0,10920678,28.3,278,62588,,0,,,,,,1,A,0,0,0,0,,2022-04-19,XZBS7449NP,,0,,,0,0,,POINT (1.7642669007020646 50.462603845061246),50.462603845061246,1.7642669007020646
3024119,E,T,R,L5T,,62588,1460,,1,0,0,0,0,,,0,4619506,334.4,96,62588,,0,,,,112,62588,1,A,0,0,0,0,,2022-04-19,XZBS7449NP,,0,,,0,0,,POINT (1.7709488054864055 50.46408663160466),50.46408663160466,1.7709488054864055
1064415,E,T,R,L0T,,62289,0400,,1,0,0,0,0,,,0,4546811,59.8,77,62289,02A9025A79DA03FA1C259BBEE11B21C6,0,,62289|0400|,|,,62289,1,B,0,0,0,0,,,,,0,,,0,0,,POINT (1.7612279075621695 50.45882997888234),50.45882997888234,1.7612279075621695
1064427,E,C,R,K2C,,62289,,,1,0,0,0,0,,,0,4611006,325.0,87,62289,02A9025A1D4F82561C259BC1ED1B5923,0,,62289||,87|62289,539,62289,1,B,0,0,0,0,,,,,0,,,0,0,,POINT (1.7587431891288952 50.456998123851385),50.456998123851385,1.7587431891288952
1064441,E,T,R,B2,,62588,,,1,0,0,0,0,,,0,4651251,76.2,15,62588,02A9025A1AF2088C1C259BC27D1B6773,0,,||,23|,23,,1,B,0,0,0,0,,,,,0,,,0,0,,POINT (1.7575387684242452 50.45765341904309),50.45765341904309,1.7575387684242452
1064455,E,T,R,B2,,62588,,,1,0,0,0,0,,,0,4691721,81.9,24,62588,02A9025A339A17421C259BC30D1B7530,0,,62588||,24|62588,22,62588,1,B,0,0,0,0,,,,,0,,,0,0,,POINT (1.7577552824053808 50.45841888453334),50.45841888453334,1.7577552824053808
1064466,E,T,H,OHN,SP,62588,1053,86,1,0,0,0,0,,,0,4636698,220.6,35,62588,02A90271238BAE391C259BCBDD1C3ADF,0,,62588|1053|86,35|62588,5,62588,1,B,0,0,0,0,,,,,0,,,0,0,,POINT (1.7625848255991245 50.46499540992258),50.46499540992258,1.7625848255991245
1064468,E,T,R,L0T,,62588,0700,,1,0,0,0,0,,,0,4580766,315.0,37,62588,02A9027123E070E61C259BCC681C4437,0,,62588|0700|,|,,62588,1,B,0,0,0,0,,,,,0,,,0,0,,POINT (1.7627812666333023 50.46500414783009),50.46500414783009,1.7627812666333023
1064486,E,T,R,L4T,,62588,,,1,0,0,0,0,,,0,4568417,331.8,55,62588,02A9025AFD7B8F371C259BCDB21C60E6,0,,||,301|,301,62588,1,B,0,0,0,0,,,,,0,,,0,0,,POINT (1.7620753267799687 50.46201929148385),50.46201929148385,1.7620753267799687
1064494,E,T,H,OHN,505,62588,,,1,0,0,0,0,,,0,4611516,82.0,63,62588,02A9025AEAEE5EAC1C259BCE031C6807,0,,62588||,63|62588,L2T,62588,1,B,0,0,0,0,,,,,0,,,0,0,,POINT (1.7591482916258319 50.46262177870785),50.46262177870785,1.7591482916258319
1064499,E,T,R,A3,,62588,1053,FACE,1,0,0,0,0,,,0,4696614,221.8,68,62588,02A902712CC830021C259BD1D31CB82C,0,,62588|1053|FACE,68|62588,136,62588,1,B,0,0,0,0,,,,,0,,,0,0,,POINT (1.763184972944462 50.465355119542394),50.465355119542394,1.763184972944462
1064980,E,T,H,OHN,SP,62588,,,1,0,0,0,0,,,0,4671273,66.1,87,62588,02A90271338CF3381C259C398E22CFDD,0,,||,6|,6,62588,1,B,0,0,0,0,,,,,0,,,0,0,,POINT (1.764267062412951 50.4649666362535),50.4649666362535,1.764267062412951
1064983,E,T,R,L2T,,62588,,,1,0,0,0,0,,,0,4613601,325.1,90,62588,02A902711EB7FC561C259C39AC22D2F7,0,,62588||,90|62588,359,62588,1,B,0,0,0,0,,,,,0,,,0,0,,POINT (1.764814704967405 50.46423278692695),50.46423278692695,1.764814704967405
1065002,E,T,R,L2T,,62588,,,1,0,0,0,0,,,0,4618696,180.0,109,62588,02A902710D34580B1C259C3A6C22E502,0,,62588||,109|62588,70,,1,B,0,0,0,0,,,,,0,,,0,0,,POINT (1.763548376657277 50.46356639487212),50.46356639487212,1.763548376657277
1065082,E,T,R,M2T,,62588,,,1,0,0,0,0,,,0,4666188,53.6,189,62588,02A90271F4BF1C311C259C4D51244FF6,0,,62588||,189|62588,320,62588,1,B,0,0,0,0,,,,,0,,,0,0,,POINT (1.768087538401883 50.46796116095275),50.46796116095275,1.768087538401883
1065118,E,T,R,L2T,,62588,,,1,0,0,0,0,,,0,4617908,309.2,225,62588,02A902716D510C8E1C259C4ECD247367,0,,||,480|,480,62588,1,B,0,0,0,0,,,,,0,,,0,0,,POINT (1.7669886196814104 50.465103156149816),50.465103156149816,1.7669886196814104
2416801,E,T,R,L1T,,62588,1240,,1,0,0,0,0,T,,0,9553058,54.9,283,62588,ENV-62588,0,,62588|1240|,283|62588,54,62588,1,B,0,0,0,0,,2015-05-05,pwnext475,,0,,,0,0,,POINT (1.7655665613151916 50.46813722505639),50.46813722505639,1.7655665613151916
2416807,E,C,R,K2C,,62588,0860,,1,0,0,0,0,C,,0,9553255,288.6,289,62588,ENV-62588,0,,62588|0860|,289|62588,335,62588,1,B,0,0,0,0,,2015-05-05,pwnext475,,0,,,0,0,,POINT (1.768908042762849 50.46723493655043),50.46723493655043,1.768908042762849
2416813,E,T,R,L2T,,62588,0840,,1,0,0,0,0,T,,0,9553423,0.0,295,62588,ENV-62588,0,,62588|0840|,295|62588,567,62588,1,B,0,0,0,0,,2015-05-05,pwnext475,,0,,,0,0,,POINT (1.7643093094109534 50.46946958463181),50.46946958463181,1.7643093094109534
2417404,E,T,R,L2T,,62588,0942,,1,0,0,0,0,T,,0,9555320,66.2,333,62588,MaN EUROVIA 12/2020,0,,,,463,62588,1,B,0,0,0,0,,2020-12-04,nnjc0380,,0,,,0,0,,POINT (1.7698226241516872 50.46707055790706),50.46707055790706,1.7698226241516872
2417601,E,T,R,L2T,,62588,0942,,1,0,0,0,0,T,,0,9554748,347.1,338,62588,MaN EUROVIA 12/2020,0,,,,468,62588,1,B,0,0,0,0,,2020-12-04,nnjc0380,,0,,,0,0,,POINT (1.7705656673471928 50.467514274321275),50.467514274321275,1.7705656673471928
2417604,E,T,R,L2T,,62588,0372,,1,0,0,0,0,T,,0,9555536,88.8,341,62588,MaN EUROVIA 12/2020,0,,,,474,62588,1,B,0,0,0,0,,2020-12-04,nnjc0380,,0,,,0,0,,POINT (1.770758801735485 50.46639712544864),50.46639712544864,1.770758801735485
2417607,E,T,R,L2T,,62588,0372,,1,0,0,0,0,T,,0,9555597,287.9,344,62588,MaN EUROVIA 12/2020,0,,,,477,62588,1,B,0,0,0,0,,2020-12-04,nnjc0380,,0,,,0,0,,POINT (1.7709984488872121 50.46592487137051),50.46592487137051,1.7709984488872121
2418600,E,T,R,L3T,,62588,0140,,1,0,0,0,0,T,,0,9558490,77.3,361,62588,ENV-62588-D,0,,62588|0140|,361|62588,618,62588,1,B,0,0,0,0,,2015-05-11,pwnext475,,0,,,0,0,,POINT (1.7602669341750379 50.46640596154429),50.46640596154429,1.7602669341750379
2419171,E,T,R,A2,,62588,0080,,1,0,0,0,0,T,,0,9559840,343.7,376,62588,ENV-62588-D,0,,62588|0080|,376|62588,123,62588,1,B,0,0,0,0,,2015-05-12,pwnext475,,0,,,0,0,,POINT (1.7674325662615311 50.4641604599201),50.4641604599201,1.7674325662615311
2982888,E,T,R,L2T,,62588,,,321,0,0,0,0,T,,0,10831165,330.8,420,62588,,0,,,,,,0,C,0,0,0,0,,2021-10-04,LDVX8772,,0,,,0,0,,POINT (1.7678341975962137 50.468407371961646),50.468407371961646,1.7678341975962137
3024108,E,T,R,L2T,,62588,0140,,1,0,0,0,0,T,,0,9558486,288.1,359,62588,MON900321,0,,,,595,62588,1,A,0,0,0,0,,2022-04-19,XZBS7449NP,,0,,,0,0,,POINT (1.7604552404466025 50.46578604000203),50.46578604000203,1.7604552404466025
3025444,E,T,R,L1T,,62588,0840,,1,0,0,0,0,T,,0,10923239,342.6,387,62588,MON600105,0,,,,,,1,B,0,0,0,0,,2022-04-26,XZBS7449NP,,1,,,0,0,,POINT (1.7688869860533665 50.46978735189105),50.46978735189105,1.7688869860533665
1064414,E,T,R,L0T,,62289,0400,,1,0,0,0,0,,,0,4629164,55.5,76,62289,02A9025A793147321C259BBED81B2049,0,,62289|0400|,|,,62289,1,B,0,0,0,0,,,,,0,,,0,0,,POINT (1.761063860995851 50.45864971991362),50.45864971991362,1.761063860995851
1064421,E,T,R,L2T,,62588,,,1,0,0,0,0,,,0,4704896,339.7,3,62588,02A9025A1AA659C81C259BC1B01B537C,0,,||,187|,187,62588,1,B,0,0,0,0,,,,,0,,,0,0,,POINT (1.7573040715362032 50.45765341356067),50.45765341356067,1.7573040715362032
1064428,E,T,R,L6T,,62588,,,1,0,0,0,0,,,0,4555482,81.3,4,62588,02A9025A311BDB031C259BC1F61B5A23,0,,62588||,4|62588,527,62588,1,B,0,0,0,0,,,,,0,,,0,0,,POINT (1.7578101618477222 50.45781320918654),50.45781320918654,1.7578101618477222
1064450,E,T,R,A4,,62588,,,1,0,0,0,0,,,0,4627145,79.1,23,62588,02A9025A1AFAA09E1C259BC2DB1B70D1,0,,||,23|,23,,1,B,0,0,0,0,,,,,0,,,0,0,,POINT (1.7575390752668896 50.4577207492047),50.4577207492047,1.7575390752668896
1064477,E,T,R,A2,,62588,,,1,0,0,0,0,,,0,4607949,29.6,46,62588,ENV-62588-D,0,,62588||,46|62588,24,62588,1,B,0,0,0,0,,2015-05-11,pwnext475,,0,,,0,0,,POINT (1.7611501230719313 50.46442819793614),50.46442819793614,1.7611501230719313
1064481,E,C,R,D2,,62588,,,1,0,0,1,0,,,0,4673055,60.7,50,62588,02A902705F85D3961C259BCD811C5BF6,0,,62588||,50|62588,11,62588,1,B,0,0,0,0,,,,,0,,,0,0,,POINT (1.7618352236418264 50.464090174096334),50.464090174096334,1.7618352236418264
1064485,E,C,R,D4,,62588,,,1,0,0,1,0,,,0,4670481,28.2,54,62588,02A9027124028BDE1C259BCDA81C5F20,0,,62588||,54|62588,9,,1,B,0,0,0,0,,,,,0,,,0,0,,POINT (1.7629688608487788 50.46432394548604),50.46432394548604,1.7629688608487788
1065006,E,T,R,L5T,,62588,1460,,1,0,0,0,0,,,0,4584162,2.5,113,62588,02A90271C39E47171C259C494523F000,0,,62588|1460|,582|,582,,1,B,0,0,0,0,,,,,0,,,0,0,,POINT (1.7660050680655357 50.466610950009944),50.466610950009944,1.7660050680655357
1065011,E,C,R,K2C,,62588,1360,,1,0,0,0,0,,,0,4702682,40.9,118,62588,02A902716A4CFF121C259C4A0F23FFE4,0,,62588|1360|,340|,340,62588,1,B,0,0,0,0,,,,,0,,,0,0,,POINT (1.7657039654181583 50.46558374716857),50.46558374716857,1.7657039654181583
1065079,E,C,R,D2,,62588,,,1,0,0,1,0,,,0,4644455,300.7,186,62588,02A90271D9D36B191C259C4D32244C15,0,,62588||,186|62588,343,62588,1,B,0,0,0,0,,,,,0,,,0,0,,POINT (1.7678193541091887 50.46697909777776),50.46697909777776,1.7678193541091887
1065080,E,T,R,M2T,,62588,,,1,0,0,0,0,,,0,9553072,56.5,187,62588,02A90271DAF9E03E1C259C4D3D244D39,0,,62588||,187|62588,25,,1,B,0,0,0,0,,,,,0,,,0,0,,POINT (1.7673984580787963 50.46752831965073),50.46752831965073,1.7673984580787963
1065112,E,T,R,L2T,,62588,,,1,0,0,0,0,,,0,4617908,309.2,219,62588,02A902716D510C8E1C259C4E90246D9B,0,,||,480|,480,,1,B,0,0,0,0,,,,,0,,,0,0,,POINT (1.7669886196814104 50.465103156149816),50.465103156149816,1.7669886196814104
1065120,E,T,R,L1T,,62588,,,1,0,0,0,0,,,0,4548954,247.9,227,62588,02A90271394699471C259C4F9B2485E8,0,,62588||,227|62588,650,62588,1,B,0,0,0,0,,,,,0,,,0,0,,POINT (1.7644612342050578 50.465140593189005),50.465140593189005,1.7644612342050578
1499645,E,T,R,L2T,,62588,,,1,0,0,0,0,T,,0,7114857,77.6,248,62588,,0,,62588||,AAAA5|62588,AAAA5,62588,1,B,0,0,0,0,,,,,0,,,0,0,,POINT (1.758788228609725 50.458203384268806),50.458203384268806,1.758788228609725
1499647,E,T,R,REG,,62588,,,1,0,0,0,0,T,,0,7114859,56.8,250,62588,,0,,62588||,|,,62588,1,B,0,0,0,0,,,,,0,,,0,0,,POINT (1.75886674795428 50.45810770553825),50.45810770553825,1.75886674795428
1499673,E,T,R,REG,,62588,,,1,0,0,0,0,T,,0,7114788,57.0,254,62588,,0,,62588||,|,,62588,1,B,0,0,0,0,,,,,0,,,0,0,,POINT (1.7596919295632698 50.45906930138409),50.45906930138409,1.7596919295632698
1663731,E,T,R,L0T,,62588,,,1,0,0,0,0,T,,0,7495427,61.7,262,62588,,0,,62588||,|,,,1,B,0,0,0,0,,,,,0,,,0,0,,POINT (1.7659426164220764 50.46612633779401),50.46612633779401,1.7659426164220764
2218501,E,T,R,P1T,,62588,,,1,1,1,1,0,T,,0,9087441,64.6,275,62588,,0,,62588||,275|62588,272,62588,1,B,0,0,0,0,,,,,0,,,0,0,,POINT (1.764568824257406 50.46633236008648),50.46633236008648,1.764568824257406
2416805,E,C,R,K2C,,62588,0840,,1,0,0,0,0,C,,0,9553253,311.8,287,62588,ENV-62588,0,,62588|0840|,287|62588,334,62588,1,B,0,0,0,0,,2015-05-05,pwnext475,,0,,,0,0,,POINT (1.7684256972615984 50.46765668532419),50.46765668532419,1.7684256972615984
2416812,E,T,R,L0T,,62588,0840,,1,0,0,0,0,T,,0,9553422,43.4,294,62588,ENV-62588,0,,62588|0840|,294|62588,,,1,B,0,0,0,0,,2015-05-05,pwnext475,,0,,,0,0,,POINT (1.7645307459827062 50.47030598508557),50.47030598508557,1.7645307459827062
2416814,E,T,R,L0T,,62588,0840,,1,0,0,0,0,T,,0,9553842,0.0,296,62588,ENV-62588,0,,62588|0840|,296|62588,,,1,B,0,0,0,0,,2015-05-05,pwnext475,,0,,,0,0,,POINT (1.7654793742012223 50.46933128367857),50.46933128367857,1.7654793742012223
2417339,E,T,R,L3T,,62588,1460,,1,0,0,0,0,T,,0,9554779,316.1,320,62588,ENV-62588,0,,62588|1460|,320|62588,298,62588,1,B,0,0,0,0,,2015-05-06,pwnext475,,0,,,0,0,,POINT (1.7683808609679224 50.465573795740575),50.465573795740575,1.7683808609679224
2417343,E,T,R,L0T,,62588,1460,,1,0,0,0,0,T,,0,9554874,45.0,324,62588,ENV-62588,0,,62588|1460|,324|62588,,,1,B,0,0,0,0,,2015-05-06,pwnext475,,0,,,0,0,,POINT (1.7676802662511657 50.46620609872296),50.46620609872296,1.7676802662511657
2417401,E,T,R,L2T,,62588,1242,,1,0,0,0,0,T,,0,9554815,341.3,330,62588,MaN EUROVIA 12/2020,0,,,,469,62588,1,B,0,0,0,0,,2020-12-04,nnjc0380,,0,,,0,0,,POINT (1.7701574381517051 50.466840314702914),50.466840314702914,1.7701574381517051
2417407,E,T,R,L3T,,62588,0942,,1,0,0,0,0,T,,0,9555326,32.3,336,62588,MaN EUROVIA 12/2020,0,,,,466,62588,1,B,0,0,0,0,,2020-12-04,nnjc0380,,0,,,0,0,,POINT (1.770141886464761 50.46745719182223),50.46745719182223,1.770141886464761
2417611,E,T,R,L2T,,62588,1053,,1,0,0,0,0,T,,0,9555567,75.1,348,62588,ENV-62588-D,0,,62588|1053|,348|62588,,,1,B,0,0,0,0,,2015-05-06,pwnext475,,0,,,0,0,,POINT (1.760097628146085 50.4628057146366),50.4628057146366,1.760097628146085
2419172,E,T,R,A3,,62588,0960,,1,0,0,0,0,T,,0,9559819,61.4,377,62588,ENV-62588-D,0,,62588|0960|,377|62588,117,62588,1,B,0,0,0,0,,2015-05-12,pwnext475,,0,,,0,0,,POINT (1.7654592073617374 50.46344186539916),50.46344186539916,1.7654592073617374
2419173,E,T,R,A2,,62588,0960,,1,0,0,0,0,T,,0,9559820,55.1,378,62588,ENV-62588-D,0,,62588|0960|,378|62588,118,62588,1,B,0,0,0,0,,2015-05-12,pwnext475,,0,,,0,0,,POINT (1.765518053603496 50.463415603350015),50.463415603350015,1.765518053603496
2420816,E,T,R,A3,,62289,0400,,1,0,0,0,0,T,,0,9911989,46.8,254,62289,ENV-62289-D,0,,62289|0400|,254|62289,74,62289,1,B,0,0,0,0,,2015-05-18,pwnext475,,0,,,0,0,,POINT (1.7595978559052012 50.456826898076514),50.456826898076514,1.7595978559052012
2569075,E,T,R,L0T,,62289,0400,,1,0,0,0,0,T,,0,9911994,59.1,251,62289,ENV-62289-C2,0,,62289|0400|,251|62289,,,1,B,0,0,0,0,,2016-11-10,pwnext974,,0,,,0,0,,POINT (1.7618893668013207 50.45890193213062),50.45890193213062,1.7618893668013207
2827266,E,T,R,L2T,,62588,,,1,0,0,0,0,T,,0,10517028,316.6,405,62588,,0,,,,,,1,C,0,0,0,0,,2019-12-06,WCDJ7668,,0,,,0,0,,POINT (1.7627676384923412 50.46492355783384),50.46492355783384,1.7627676384923412
2956553,E,T,R,L1T,,62588,,,1,0,0,0,0,T,,0,9558279,312.7,411,62588,,0,,,,,,1,C,0,0,0,0,,2021-06-15,LDVX8772,,0,,,0,0,,POINT (1.7692508479944302 50.46570757138471),50.46570757138471,1.7692508479944302
2982889,E,T,R,L1T,,62588,,,321,0,0,0,0,T,,0,10831163,327.9,421,62588,,0,,,,,,0,C,0,0,0,0,,2021-10-04,LDVX8772,,0,,,0,0,,POINT (1.767790899038765 50.46827693206982),50.46827693206982,1.767790899038765
2982891,E,T,R,REG,,62588,,,321,0,0,0,0,T,,0,10831126,329.2,423,62588,,0,,,,,,0,C,0,0,0,0,,2021-10-04,LDVX8772,,0,,,0,0,,POINT (1.7677147150628212 50.468439098243685),50.468439098243685,1.7677147150628212
1064425,E,T,R,L0T,,62289,,,1,0,0,0,0,,,0,4701239,66.9,85,62289,02A9025A48056C161C259BC1D91B57DB,0,,62289||,85|62289,.,62289,1,B,0,0,0,0,,,,,0,,,0,0,,POINT (1.7589592602463073 50.45690979638272),50.45690979638272,1.7589592602463073
1064429,E,T,R,L0T,,62588,,,1,0,0,0,0,,,0,4628973,80.5,5,62588,02A9025A334917DE1C259BC2001B5BFE,0,,62588||,5|62588,,,1,B,0,0,0,0,,,,,0,,,0,0,,POINT (1.757913897930032 50.45819081623876),50.45819081623876,1.757913897930032
1064449,E,T,R,A2,,62588,,,1,0,0,0,0,,,0,4546259,57.9,22,62588,02A9025A9CF68B0E1C259BC2D01B6F05,0,,||,20|,20,,1,B,0,0,0,0,,,,,0,,,0,0,,POINT (1.758410691125407 50.46053433587773),50.46053433587773,1.758410691125407
1064459,E,T,H,OHN,D2,62588,1053,,1,0,0,0,0,,,0,4560671,53.1,28,62588,02A9025ACBA6DC991C259BCA851C1E83,0,,62588|1053|,19|,19,62588,1,B,0,0,0,0,,,,,0,,,0,0,,POINT (1.7593534143592557 50.460943044581455),50.460943044581455,1.7593534143592557
1064462,E,T,R,A3,,62588,0180,,1,0,0,0,0,,,0,4548467,314.0,31,62588,02A902705D9247AD1C259BCB361C2B75,0,,62588|0180|,127|,127,62588,1,B,0,0,0,0,,,,,0,,,0,0,,POINT (1.7618573328267169 50.46369381213971),50.46369381213971,1.7618573328267169
1064472,E,T,H,OHN,D2,62588,0545,,1,0,0,0,0,,,0,4561156,323.3,41,62588,02A9025AFBC5800D1C259BCCD11C4B64,0,,62588|0545|,41|62588,,16,1,B,0,0,0,0,,,,,0,,,0,0,,POINT (1.7612047406639972 50.46245953602172),50.46245953602172,1.7612047406639972
1064482,E,C,R,D2,,62588,,,1,0,0,1,0,,,0,4641375,319.0,51,62588,02A902705CBC82F01C259BCD8A1C5C82,0,,62588||,51|62588,12,62588,1,B,0,0,0,0,,,,,0,,,0,0,,POINT (1.761482239620405 50.46383439779312),50.46383439779312,1.761482239620405
1064498,E,T,R,L0T,,62588,0140,,1,0,0,0,0,,,0,4683375,92.9,67,62588,02A90270728F7A621C259BCEB51C77E8,0,,62588|0140|,67|62588,,62588,1,B,0,0,0,0,,,,,0,,,0,0,,POINT (1.7605966094869723 50.464981698989426),50.464981698989426,1.7605966094869723
1064500,E,T,R,L2T,,62588,,,1,0,0,0,0,,,0,4548759,338.6,69,62588,02A90271A3D623971C259BD20F1CBC48,0,,||,582|,582,62588,1,B,0,0,0,0,,,,,0,,,0,0,,POINT (1.7629168801952864 50.46820538064421),50.46820538064421,1.7629168801952864
1064515,E,T,R,L0T,,62588,0140,,1,0,0,0,0,,,0,4621595,81.3,83,62588,02A90270CCFBDD2F1C259BD3311CD76B,0,,62588|0140|,|,,62588,1,B,0,0,0,0,,,,,0,,,0,0,,POINT (1.7600460100326418 50.467137899069144),50.467137899069144,1.7600460100326418
1064985,E,T,R,L4T,,62588,,,1,0,0,0,0,,,0,4593832,332.0,92,62588,02A9027160D28CFC1C259C39C022D45B,0,,62588||,92|62588,122,62588,1,B,0,0,0,0,,,,,0,,,0,0,,POINT (1.7657353494919255 50.464527501420214),50.464527501420214,1.7657353494919255
1064990,E,T,R,B1,,62588,,,1,0,0,0,0,,,0,4621696,332.0,97,62588,02A902741BDA90EE1C259C39F222D92D,0,,62588||,97|62588,113,62588,1,B,0,0,0,0,,,,,0,,,0,0,,POINT (1.7710384712467884 50.46418955141907),50.46418955141907,1.7710384712467884
1065009,E,T,R,L1T,,62588,,,1,0,0,0,0,,,0,4554131,349.6,116,62588,02A90271F7B715891C259C49B323F8C0,0,,||,597|,597,62588,1,B,0,0,0,0,,,,,0,,,0,0,,POINT (1.7684813222460198 50.46829983896877),50.46829983896877,1.7684813222460198
1065051,E,T,R,L2T,,62588,,,1,0,0,0,0,,,0,4547396,290.6,158,62588,02A90271D536B24E1C259C4C172430EA,0,,||,574|,574,,1,B,0,0,0,0,,,,,0,,,0,0,,POINT (1.7684518397151454 50.46606713120251),50.46606713120251,1.7684518397151454
1065052,E,T,R,L2T,,62588,,,1,0,0,0,0,,,0,4648519,306.0,159,62588,02A902748005D6271C259C4C212431A1,0,,||,575|,575,62588,1,B,0,0,0,0,,,,,0,,,0,0,,POINT (1.7689432382735544 50.46597272627216),50.46597272627216,1.7689432382735544
1065084,E,T,R,B2,,62588,,,1,0,0,0,0,,,0,4555426,59.3,191,62588,ENV-62588-D,0,,62588||,191|62588,28,62588,1,B,0,0,0,0,,2015-05-05,pwnext475,,0,,,0,0,,POINT (1.7682922685007458 50.46815627714922),50.46815627714922,1.7682922685007458
1065105,E,T,R,A4,,62588,,,1,0,0,0,0,,,0,4555960,337.4,212,62588,02A9027196B4AF471C259C4E3A2466E2,0,,||,482|,482,,1,B,0,0,0,0,,,,,0,,,0,0,,POINT (1.7647638134760713 50.46665894017421),50.46665894017421,1.7647638134760713
1065119,E,T,R,L2T,,62588,1360,,1,0,0,0,0,,,0,4590812,51.9,226,62588,02A902716A8FCB5A1C259C4F52247FE2,0,,62588|1360|,226|62588,,62588,1,B,0,0,0,0,,,,,0,,,0,0,,POINT (1.7655159462662842 50.4658079389979),50.4658079389979,1.7655159462662842
1065129,E,T,R,B2,,62588,,,1,0,0,0,0,,,0,4543252,45.2,235,62588,ENV-62588-D,0,,62588||,235|62588,31,62588,1,B,0,0,0,0,,2015-05-05,pwnext475,,0,,,0,0,,POINT (1.7707285724059052 50.470261737138664),50.470261737138664,1.7707285724059052
1499641,E,T,R,REG,,62588,,,1,0,0,0,0,T,,0,7114849,331.5,244,62588,,0,,62588||,|,,62588,1,B,0,0,0,0,,,,,0,,,0,0,,POINT (1.759222733491699 50.45853255232495),50.45853255232495,1.759222733491699
1499643,E,T,R,REG,,62588,,,1,0,0,0,0,T,,0,7114851,350.8,246,62588,,0,,62588||,|,,62588,1,B,0,0,0,0,,,,,0,,,0,0,,POINT (1.7591891270775961 50.458895027238704),50.458895027238704,1.7591891270775961
1499644,E,T,R,REG,,62588,,,1,0,0,0,0,T,,0,7114852,347.4,247,62588,,0,,62588||,|,,62588,1,B,0,0,0,0,,,,,0,,,0,0,,POINT (1.7591157888229911 50.45873041867424),50.45873041867424,1.7591157888229911
1499648,E,T,R,REG,,62588,,,1,0,0,0,0,T,,0,7114860,55.9,251,62588,ENV-62588-D,0,,62588||,251|62588,,,1,B,0,0,0,0,,2015-05-11,pwnext475,,0,,,0,0,,POINT (1.7591210033988656 50.45800984578283),50.45800984578283,1.7591210033988656
1499675,E,T,R,L1T,,62588,,,1,0,0,0,0,T,,0,7114792,335.5,256,62588,,0,,62588||,AAAA3|62588,AAAA3,62588,1,B,0,0,0,0,,,,,0,,,0,0,,POINT (1.7591914111824631 50.459263927548726),50.459263927548726,1.7591914111824631
1499680,E,T,R,REG,,62588,,,1,0,0,0,0,T,,0,7114798,337.3,260,62588,,0,,62588||,|,,62588,1,B,0,0,0,0,,,,,0,,,0,0,,POINT (1.7593985027014298 50.45889113809535),50.45889113809535,1.7593985027014298
1772450,E,T,R,L2T,,62588,1320,36,1,0,0,0,0,T,,0,7885577,49.8,264,62588,ENV-62588-D,0,,62588|1320|36,264|62588,,,1,B,0,0,0,0,,2015-05-05,pwnext475,,0,,,0,0,,POINT (1.771103680530158 50.470558329594695),50.470558329594695,1.771103680530158
2416802,E,T,R,L3T,,62588,1240,,1,0,0,0,0,T,,0,9553064,343.3,284,62588,ENV-62588,0,,62588|1240|,284|62588,49,62588,1,B,0,0,0,0,,2015-05-05,pwnext475,,0,,,0,0,,POINT (1.7660565487422635 50.46814098978677),50.46814098978677,1.7660565487422635
2416803,E,T,R,L1T,,62588,1240,,1,0,0,0,0,T,,0,9553068,327.9,285,62588,ENV-62588,0,,62588|1240|,285|62588,48,62588,1,B,0,0,0,0,,2015-05-05,pwnext475,,0,,,0,0,,POINT (1.7664295160142052 50.46803299395074),50.46803299395074,1.7664295160142052
2416806,E,T,R,L0T,,62588,0840,,1,0,0,0,0,T,,0,9553254,323.5,288,62588,ENV-62588,0,,62588|0840|,288|62588,,,1,B,0,0,0,0,,2015-05-05,pwnext475,,0,,,0,0,,POINT (1.768400442517591 50.46768986591867),50.46768986591867,1.768400442517591
2416816,E,T,R,L2T,,62588,0840,,1,0,0,0,0,T,,0,9553843,29.9,298,62588,ENV-62588,0,,62588|0840|,298|62588,565,62588,1,B,0,0,0,0,,2015-05-05,pwnext475,,0,,,0,0,,POINT (1.7684241101561402 50.46974856089243),50.46974856089243,1.7684241101561402
2417089,E,T,R,L0T,,62588,0840,,1,0,0,0,0,T,,0,9553846,0.0,299,62588,ENV-62588,0,,62588|0840|,299|62588,,,1,B,0,0,0,0,,2015-05-05,pwnext475,,0,,,0,0,,POINT (1.7680609319873943 50.46955787020427),50.46955787020427,1.7680609319873943
2417091,E,T,R,L3T,,62588,0840,,1,0,0,0,0,T,,0,9553851,341.6,301,62588,ENV-62588-D,0,,62588|0840|,301|62588,522,62588,1,B,0,0,0,0,,2015-05-05,pwnext475,,0,,,0,0,,POINT (1.7693725685968527 50.469667467190504),50.469667467190504,1.7693725685968527
2417340,E,T,R,L2T,,62588,1460,,1,0,0,0,0,T,,0,9554781,309.9,321,62588,ENV-62588,0,,62588|1460|,321|62588,299,62588,1,B,0,0,0,0,,2015-05-06,pwnext475,,0,,,0,0,,POINT (1.7681899771361231 50.465680260399985),50.465680260399985,1.7681899771361231
2417397,E,T,R,L1T,,62588,1460,,1,0,0,0,0,T,,0,9554879,319.9,326,62588,ENV-62588,0,,62588|1460|,326|62588,571,62588,1,B,0,0,0,0,,2015-05-06,pwnext475,,0,,,0,0,,POINT (1.768180529257369 50.46592013357325),50.46592013357325,1.768180529257369
2417399,E,T,R,L3T,,62588,1242,,1,0,0,0,0,T,,0,9554809,20.0,328,62588,MaN EUROVIA 12/2020,0,,,,462,62588,1,B,0,0,0,0,,2020-12-04,nnjc0380,,0,,,0,0,,POINT (1.7697143806114506 50.46698028594117),50.46698028594117,1.7697143806114506
2417400,E,T,R,L2T,,62588,1242,,1,0,0,0,0,T,,0,9554816,332.1,329,62588,MaN EUROVIA 12/2020,0,,,,470,62588,1,B,0,0,0,0,,2020-12-04,nnjc0380,,0,,,0,0,,POINT (1.7700667210921144 50.4667815716306),50.4667815716306,1.7700667210921144
2417408,E,T,R,L2T,,62588,0942,,1,0,0,0,0,T,,0,9555328,0.0,337,62588,MaN EUROVIA 12/2020,0,,,,467,62588,1,B,0,0,0,0,,2020-12-04,nnjc0380,,0,,,0,0,,POINT (1.770397855420554 50.46751830058723),50.46751830058723,1.770397855420554
2417614,E,T,R,L1T,,62588,0380,,1,0,0,0,0,T,,0,9555769,274.2,351,62588,ENV-62588-D,0,,62588|0380|,351|62588,344,62588,1,B,0,0,0,0,,2015-05-06,pwnext475,,0,,,0,0,,POINT (1.7612932872559623 50.46545065061011),50.46545065061011,1.7612932872559623
2418593,E,T,R,A3,,62588,1053,,1,0,0,0,0,T,,0,9555773,31.1,354,62588,ENV-62588,0,,62588|1053|,354|62588,131,62588,1,B,0,0,0,0,,2015-05-11,pwnext475,,0,,,0,0,,POINT (1.7609397339926751 50.46433942778887),50.46433942778887,1.7609397339926751
2418603,E,T,R,L2T,,62588,,,1,0,0,0,0,T,,0,9558804,69.3,364,62588,ENV-62588-D,0,,62588||,364|62588,398,62588,1,B,0,0,0,0,,2015-05-11,pwnext475,,0,,,0,0,,POINT (1.7598796357931072 50.46211960459474),50.46211960459474,1.7598796357931072
2418836,E,T,R,L4T,,62588,1120,,1,0,0,0,0,T,,0,9559099,72.4,369,62588,ENV-62588-D,0,,62588|1120|,369|62588,300,62588,1,B,0,0,0,0,,2015-05-11,pwnext475,,0,,,0,0,,POINT (1.761284081791859 50.46127077695981),50.46127077695981,1.761284081791859
2418838,E,T,R,L2T,,62588,0600,,1,0,0,0,0,T,,0,9558797,67.5,371,62588,ENV-62588-D,0,,62588|0600|,371|62588,547,62588,1,B,0,0,0,0,,2015-05-11,pwnext475,,0,,,0,0,,POINT (1.7600730882909263 50.45778863480511),50.45778863480511,1.7600730882909263
2419170,E,C,R,K1C,,62588,,,1,0,0,0,0,C,,0,9559571,335.0,375,62588,ENV-62588-D,0,,62588||,375|62588,580,62588,1,B,0,0,0,0,,2015-05-12,pwnext475,,0,,,0,0,,POINT (1.7650767138875068 50.467791060262265),50.467791060262265,1.7650767138875068
2608897,E,T,R,L1T,,62588,,,321,0,0,0,0,T,,0,10020769,71.0,389,62588,,0,,62588||,389|62588,,,0,C,0,0,0,0,,2017-06-06,rxmw3452,,0,,,0,0,,POINT (1.7690799575665452 50.46979534664588),50.46979534664588,1.7690799575665452
1064412,E,T,R,L0T,,62289,0400,,1,0,0,0,0,,,0,9564094,61.1,74,62289,ENV-62289-C2,0,,62289|0400|,74|62289,,,1,B,0,0,0,0,,2016-11-10,pwnext974,,0,,,0,0,,POINT (1.7617586567700867 50.458751404300784),50.458751404300784,1.7617586567700867
1064488,E,C,R,D2,,62588,,,1,0,0,1,0,,,0,4631224,50.8,57,62588,02A90270535071051C259BCDC61C6283,0,,62588||,57|62588,14,62588,1,B,0,0,0,0,,,,,0,,,0,0,,POINT (1.7612562786840664 50.46305211737061),50.46305211737061,1.7612562786840664
1064493,E,T,H,OHN,504,62588,,,1,0,0,0,0,,,0,4574177,73.7,62,62588,02A9025AEAC99FCB1C259BCDF81C6714,0,,62588||,62|62588,L2T,,1,B,0,0,0,0,,,,,0,,,0,0,,POINT (1.7591121616084073 50.46250630206784),50.46250630206784,1.7591121616084073
1064504,E,T,R,A3,,62588,,,1,0,0,0,0,,,0,4639711,330.4,73,62588,02A90270D74BA7D11C259BD2371CC01E,0,,62588||,73|62588,139,62588,1,B,0,0,0,0,,,,,0,,,0,0,,POINT (1.76196760997532 50.46641645249033),50.46641645249033,1.76196760997532
1065001,E,C,R,L4C,,62588,,,1,0,0,0,0,C,,0,4658007,101.5,108,62588,02A90271079E57751C259C3A6322E4C5,0,,,,124,62588,1,B,0,0,0,0,,2020-12-10,lfhx8040,,0,,,0,0,,POINT (1.7635838539887514 50.46333584877743),50.46333584877743,1.7635838539887514
1065010,E,C,R,P1C,,62588,1360,,1,1,1,1,0,,,0,4675233,41.0,117,62588,02A902716A65A5CF1C259C4A0623FEBC,0,,62588|1360|,117|62588,141,62588,1,B,0,0,0,0,,,,,0,,,0,0,,POINT (1.7657110071340638 50.465631163614816),50.465631163614816,1.7657110071340638
1065047,E,T,R,L2T,,62588,,,1,0,0,0,0,,,0,4610461,353.0,154,62588,ENV-62588-D,0,,62588||,154|62588,581,62588,1,B,0,0,0,0,,2015-05-12,pwnext475,,0,,,0,0,,POINT (1.7642458999503021 50.46796477157607),50.46796477157607,1.7642458999503021
1065066,E,C,R,D2,,62588,,,1,0,0,1,0,,,0,4644455,300.7,173,62588,02A90271D9D36B191C259C4CAF243F1F,0,,62588||,173|62588,343,,1,B,0,0,0,0,,,,,0,,,0,0,,POINT (1.7678193541091887 50.46697909777776),50.46697909777776,1.7678193541091887
1065067,E,T,R,M2T,,62588,,,1,0,0,0,0,,,0,4711380,40.9,174,62588,02A90271F14FFF1C1C259C4CBA2440AB,0,,62588||,174|62588,27,,1,B,0,0,0,0,,,,,0,,,0,0,,POINT (1.7677777888514634 50.46765744651504),50.46765744651504,1.7677777888514634
1065073,E,T,R,A4,,62588,,,1,0,0,0,0,,,0,4555960,337.4,180,62588,02A9027196B4AF471C259C4CF7244628,0,,||,482|,482,62588,1,B,0,0,0,0,,,,,0,,,0,0,,POINT (1.7647638134760713 50.46665894017421),50.46665894017421,1.7647638134760713
1065076,E,T,R,B3,,62588,,,1,0,0,0,0,,,0,4553371,343.0,183,62588,02A90271C69668EE1C259C4D142449FF,0,,62588||,183|62588,109,62588,1,B,0,0,0,0,,,,,0,,,0,0,,POINT (1.7664101004686616 50.46656919232226),50.46656919232226,1.7664101004686616
1065113,E,T,R,A3,,62588,,,1,0,0,0,0,,,0,4563997,283.8,220,62588,02A902712EF998C51C259C4E9B246E08,0,,62588||,220|62588,138,62588,1,B,0,0,0,0,,,,,0,,,0,0,,POINT (1.7632824976751813 50.46588110549835),50.46588110549835,1.7632824976751813
1410066,E,T,R,L2T,,62588,,,1,0,0,0,0,T,,0,6983282,46.4,238,62588,ENV-62588-D,0,,62588||,238|62588,AAAA0,62588,1,B,0,0,0,0,,2015-05-12,pwnext475,,0,,,0,0,,POINT (1.7649691903880542 50.46520807518038),50.46520807518038,1.7649691903880542
1499672,E,T,R,L1T,,62588,,,1,0,0,0,0,T,,0,7114787,329.5,253,62588,,0,,62588||,AAAA2|62588,AAAA2,62588,1,B,0,0,0,0,,,,,0,,,0,0,,POINT (1.7597780514767425 50.459070397877575),50.459070397877575,1.7597780514767425
1499677,E,T,R,REG,,62588,,,1,0,0,0,0,T,,0,7114794,71.9,258,62588,,0,,62588||,|,,62588,1,B,0,0,0,0,,,,,0,,,0,0,,POINT (1.7589898661807077 50.45925045067799),50.45925045067799,1.7589898661807077
1663730,E,T,R,L0T,,62588,,,1,0,0,0,0,T,,0,7495426,55.5,261,62588,,0,,62588||,|,,,1,B,0,0,0,0,,,,,0,,,0,0,,POINT (1.7657285905718858 50.46606748365228),50.46606748365228,1.7657285905718858
2298081,E,T,R,L0T,,62588,,,321,0,0,0,0,T,,0,4591647,83.0,280,62588,,0,,62588||,280|62588,,,0,B,1,1,0,0,,,,,0,,,0,0,,POINT (1.759204295097953 50.46289229158127),50.46289229158127,1.759204295097953
2416804,E,T,R,L4T,,62588,1240,,1,0,0,0,0,T,,0,4648338,323.5,286,62588,ENV-62588,0,,62588|1240|,286|62588,8,62588,1,B,0,0,0,0,,2015-05-05,pwnext475,,0,,,0,0,,POINT (1.766709045568716 50.46790010645512),50.46790010645512,1.766709045568716
2416815,E,T,R,L2T,,62588,0840,,1,0,0,0,0,T,,0,9553841,0.0,297,62588,ENV-62588,0,,62588|0840|,297|62588,566,62588,1,B,0,0,0,0,,2015-05-05,pwnext475,,0,,,0,0,,POINT (1.7673753848475209 50.46947954264519),50.46947954264519,1.7673753848475209
2417090,E,T,R,L0T,,62588,0840,,1,0,0,0,0,T,,0,9553848,35.4,300,62588,ENV-62588,0,,62588|0840|,300|62588,,,1,B,0,0,0,0,,2015-05-05,pwnext475,,0,,,0,0,,POINT (1.7681279643926942 50.46982769400459),50.46982769400459,1.7681279643926942
2417332,E,T,R,L5T,,62588,1460,,1,0,0,0,0,T,,0,9554494,355.9,313,62588,"ENV-62588-D
",0,,62588|1460|,313|62588,481,62588,1,B,0,0,0,0,,2015-05-06,pwnext475,,0,,,0,0,,POINT (1.7661824209620967 50.46668690545408),50.46668690545408,1.7661824209620967
2417344,E,T,R,L0T,,62588,1460,,1,0,0,0,0,T,,0,9554877,321.1,325,62588,ENV-62588-D,0,,62588|1460|,325|62588,,,1,B,0,0,0,0,,2015-05-06,pwnext475,,0,,,0,0,,POINT (1.7676788884059735 50.46594746977365),50.46594746977365,1.7676788884059735
2417609,E,T,R,A2,,62588,0372,,1,0,0,0,0,T,,0,9555704,31.0,346,62588,ENV-62588-D,0,,62588|0372|,346|62588,479,62588,1,B,0,0,0,0,,2015-05-06,pwnext475,,0,,,0,0,,POINT (1.7711468968501123 50.4656240692744),50.4656240692744,1.7711468968501123
2417615,E,T,R,A3,,62588,1053,,1,0,0,0,0,T,,0,9555762,24.8,352,62588,ENV-62588-D,0,,62588|1053|,352|62588,132,62588,1,B,0,0,0,0,,2015-05-06,pwnext475,,0,,,0,0,,POINT (1.7613977182465552 50.46453267019487),50.46453267019487,1.7613977182465552
2420812,E,T,R,L1T,,62289,0400,,1,0,0,0,0,T,,0,9564088,63.2,250,62289,ENV-62289-C2,0,,62289|0400|,250|62289,551,62289,1,B,0,0,0,0,,2016-11-10,pwnext974,,0,,,0,0,,POINT (1.7619783379459217 50.45899845242418),50.45899845242418,1.7619783379459217
2794962,E,T,R,L0T,,62588,,,321,0,0,0,0,T,,0,10448099,337.3,403,62588,,0,,,,,,0,C,0,0,0,0,,2019-07-25,rxmw3452,,0,,,0,0,,POINT (1.7710838031689704 50.4642013288224),50.4642013288224,1.7710838031689704
3024088,E,T,H,OHN,SP,62588,0580,,1,0,0,0,0,T,,0,10920677,346.1,277,62588,,0,,,,,,1,A,0,0,0,0,,2022-04-19,XZBS7449NP,,0,,,0,0,,POINT (1.7635199963636092 50.462147343266224),50.462147343266224,1.7635199963636092
3024117,E,T,R,L5T,,62588,1460,,1,0,0,0,0,,,0,9554807,309.6,95,62588,,0,,,,111,62588,1,A,0,0,0,0,,2022-04-19,XZBS7449NP,,0,,,0,0,,POINT (1.7693927898769273 50.464841264455686),50.464841264455686,1.7693927898769273
